coding,definition,anti_max,pro_min,respondents,profiles,municip,contrast,estimate,std.error,conf.low,conf.high,p.value
narrow,0-2 vs 8-10,2,8,1381,7366,outside_knows_issues,aligned - non_aligned,0.29992917779809886,0.018704690587576445,0.26323647610668505,0.33662187948951267,3.4133604637881093e-53
narrow,0-2 vs 8-10,2,8,1381,7366,local_few_years,aligned - non_aligned,0.3244232124968162,0.019604836778467784,0.28596470797073936,0.36288171702289307,2.998158084622958e-56
narrow,0-2 vs 8-10,2,8,1381,7366,local_since_birth,aligned - non_aligned,0.33519521079136744,0.018837693775987104,0.2982415988061688,0.3721488227765661,6.28147048490777e-64
primary,0-3 vs 7-10,3,7,1635,8712,outside_knows_issues,aligned - non_aligned,0.27892369711724585,0.017143399825719805,0.2452983436504287,0.312549050584063,2.7985735620759713e-55
primary,0-3 vs 7-10,3,7,1635,8712,local_few_years,aligned - non_aligned,0.30840732325222225,0.01807902867494141,0.272946811585243,0.34386783491920153,3.5504931862814925e-60
primary,0-3 vs 7-10,3,7,1635,8712,local_since_birth,aligned - non_aligned,0.3320168542309956,0.017373572690696545,0.2979400358259518,0.36609367263603937,1.2272341066448164e-73
broad,0-4 vs 6-10,4,6,1841,9776,outside_knows_issues,aligned - non_aligned,0.2593218828085631,0.016233667299744098,0.2274835363162,0.2911602293009262,6.822104472020518e-54
broad,0-4 vs 6-10,4,6,1841,9776,local_few_years,aligned - non_aligned,0.29893651282125755,0.01723845460142514,0.2651275231173909,0.3327455025251242,1.6281534595638754e-62
broad,0-4 vs 6-10,4,6,1841,9776,local_since_birth,aligned - non_aligned,0.3070019605608268,0.01675973708763122,0.2741318575419407,0.3398720635797129,5.549818189763529e-69
